<?xml version="1.0" encoding="UTF-8"?>
<project-private xmlns="http://www.netbeans.org/ns/project-private/1">
    <editor-bookmarks xmlns="http://www.netbeans.org/ns/editor-bookmarks/2" lastBookmarkId="0"/>
    <open-files xmlns="http://www.netbeans.org/ns/projectui-open-files/2">
        <group>
            <file>file:/C:/David/ceti/8D1/programacion-avanzada-II/parcial-2/Captura8D/src/exceptions/InvalidIdException.java</file>
            <file>file:/C:/David/ceti/8D1/programacion-avanzada-II/parcial-2/Captura8D/src/basesDeDatos/BD.java</file>
            <file>file:/C:/David/ceti/8D1/programacion-avanzada-II/parcial-2/Captura8D/src/captura8d/Captura8D.java</file>
            <file>file:/C:/David/ceti/8D1/programacion-avanzada-II/parcial-2/Captura8D/src/model/Persona.java</file>
            <file>file:/C:/David/ceti/8D1/programacion-avanzada-II/parcial-2/Captura8D/src/basesDeDatos/PersonaDAO.java</file>
            <file>file:/C:/David/ceti/8D1/programacion-avanzada-II/parcial-2/Captura8D/src/controles/Registro.java</file>
            <file>file:/C:/David/ceti/8D1/programacion-avanzada-II/parcial-2/Captura8D/src/vistas/ConsultaYCaptura.java</file>
        </group>
    </open-files>
</project-private>
